<?xml version="1.0" encoding="UTF-8"?>
<project-private xmlns="http://www.netbeans.org/ns/project-private/1">
    <editor-bookmarks xmlns="http://www.netbeans.org/ns/editor-bookmarks/2" lastBookmarkId="0"/>
    <open-files xmlns="http://www.netbeans.org/ns/projectui-open-files/2">
        <group>
            <file>file:/C:/Users/whitb/OneDrive/Desktop/NetBeansProjects/IceTask6/src/icetask6/Person.java</file>
            <file>file:/C:/Users/whitb/OneDrive/Desktop/NetBeansProjects/IceTask6/src/icetask6/Main.java</file>
            <file>file:/C:/Users/whitb/OneDrive/Desktop/NetBeansProjects/IceTask6/src/icetask6/Student.java</file>
            <file>file:/C:/Users/whitb/OneDrive/Desktop/NetBeansProjects/IceTask6/src/icetask6/Teacher.java</file>
        </group>
    </open-files>
</project-private>
